LegacyURL,HybrisURL
/resor/,/resor
/resor/vinterresor,/vinterresor
/Erbjudanden/,/erbjudanden
/resor/hostresa/hostlovsresor/,/hostlov
/resor/hostresa/sep-okt/,/hostfynd
/resor/All-Inclusive/,/all-inclusive-resor
/Erbjudanden/Aktiva-resor/,/traningsresor
/resor/sommarresor,/sommarresor
/resor/hostresa/hostresor-14/,/hostresor
/resor/Resa-med-barn/,/resa-med-barn
/resor/Resa-utan-barn/,/resa-utan-barn
/Erbjudanden/Solo-med-barn-vinter-14-15,/resa-ensam-med-barn
/resor/Kryssningar/,/kryssningar
/resor/Kombinationsresor,/kombinationsresor
/resor/Utflykter/,/utflykter-och-sightseeing
/resor/Dykresor/,/dykresor
/resor/Resa-flera-generationer/,/familjeresor-stora-sallskap
/resor/langtidsresor/,/langtidsresor
/resor/Bil/,/bilrundresor
/resor/golfresa/,/golfresor
/resor/Brollop/,/gifta-sig-utomlands
/sista-minuten-resor/,/sista-minuten
/Erbjudanden/Kanarieoarna-i-vinter/Erbjudanden/,/kanarieoarna
/resor/vinterresor/erbjudanden-dromstrander/,/dromstrander
/resor/sommarresor/augusti,/augustiresor
/resor/Endast-flyg-eller-hotell/,/flyg
/resor/vinterresor/Erbjudanden-Kap-Verde/,/kap-verde
/lomamatkat/Aktiivilomat/,/aktiivilomat
/lomamatkat/All-Inclusive--lomat/,/all-inclusive
/lomamatkat/Aktiivilomat/Golfmatkat/,/golfmatkat
/lomamatkat/Haamatkat/,/haamatkat
/Edut-ja-tarjoukset/Tarjoukset/Uimaan-omalta-terassilta/,/oma-uima-allas-swim-up
/Edut-ja-tarjoukset/Tarjoukset/Syyslomat-2014/,/syysloma
/lomamatkat/Rantalomat/Talvilomat-W1415/,/talvilomat
/lomamatkat/Rantalomat/Kesa-2015/,/kesaloma
/Edut-ja-tarjoukset/,/matkatarjoukset
/Edut-ja-tarjoukset/Tarjoukset/lomalennot-lampimaan/,/pelkat-lennot
/akkilahdot/,/akkilahdot
/Edut-ja-tarjoukset/Tarjoukset/Kap-Verde-No-stress/,/kap-verde-no-stress
/Edut-ja-tarjoukset/Tarjoukset/Kiikarissa-kaukomaat/Meksiko/,/kaukomatkat-meksiko
/Edut-ja-tarjoukset/Tarjoukset/Blue-Village---parasta-lomaa-aivan-rannalla/,/blue-village-tarjoukset
/lomamatkat/Rantalomat/Kesa-2014/Suuret-huoneistot-S2014/,/perhehuoneet
/lomamatkat/kotikentalta/,/maakuntalennot
/Edut-ja-tarjoukset/Tarjoukset/Kiikarissa-kaukomaat/Thaimaa/,/kaukomatkat-thaimaa
/resor/vinterresor/fritidsresors-vintervarld/,/vinterresor
/resor/sommarresor/sommar-2015/,/sommarresor
/resor/Temaresor/,/rundresor-med-tema
/resor/singelresor,/singelresor
/resor/brollopsresa,/brollopsresa
/resor/brollopsresa-maldiverna,/brollopsresa-maldiverna
/resor/brollopsresa-thailand,/brollopsresa-thailand
/resor/brollopsresa-mexico,/brollopsresa-mexico
/resor/brollopsresa-mauritius,/brollopsresa-mauritius
/resor/wellness,/wellness
/lomamatkat/paasiainen,/paasiainen
/Edut-ja-tarjoukset/Tarjoukset/Talvilomat/,/hiihtoloma
/lomamatkat/haat-ulkomailla,/haat-ulkomailla
/Edut-ja-tarjoukset/Tarjoukset/Marraskuun-lomat-alk-395-e/,/marraskuun-lomat-alk-395-e
/resor/resa-ensam-med-barn,/resa-ensam-med-barn
/Erbjudanden/julresor,/julresor
/erbjudanden/julresor,/julresor
/billige-rejser,/billige-rejser
/afbudsrejser,/afbudsrejser
/flybilletter,/flybilletter
/vinterferie,/vinterferie
/rejser,/rejser
/efteraarsferie,/efteraarsferie
/tilbud-og-rabatter,/billige-rejser
/afbudsrejser,/afbudsrejser
/tilbud-og-rabatter/Flybilletter/Billige-flybiletter-til-hele-verden,/flybilletter
/Rejseudvalg/Vinter-1415,/vinterferie
/Rejseudvalg,/rejser
/tilbud-og-rabatter/Efteraarsferie/,/efteraarsferie
/juleferie,/juleferie
/paaskeferie,/paaskeferie
/rejser-uge-7,/rejser-uge-7
/solo-med-barn,/solo-med-barn
/singlerejser,/singlerejser
/bornerabatter,/bornerabatter
/sommerferie,/sommerferie
/cruise,/cruise
/rejser-november,/rejser-november
/rejser-januar,/rejser-januar
/tema-rejser,/tema-rejser
/lomamatkat/aktiivilomat,/aktiivilomat
/lomamatkat/all-inclusive,/all-inclusive
/lomamatkat/golfmatkat,/golfmatkat
/lomamatkat/haamatkat,/haamatkat
/lomamatkat/oma-uima-allas-ja-swim-up,/oma-uima-allas-swim-up
/lomamatkat/syysloma,/syysloma
/lomamatkat/talvilomat,/talvilomat
/lomamatkat/kesaloma,/kesaloma
/matkatarjoukset,/matkatarjoukset
/matkatarjoukset/pelkat-lennot,/pelkat-lennot
/matkatarjoukset/kap-verde-no-stress,/kap-verde-no-stress
/matkatarjoukset/kaukomatkat-meksiko,/kaukomatkat-meksiko
/matkatarjoukset/blue-village-tarjoukset,/blue-village-tarjoukset
/lomamatkat/perhehuoneet,/perhehuoneet
/lomamatkat/maakuntalennot,/maakuntalennot
/matkatarjoukset/kaukomatkat-thaimaa,/kaukomatkat-thaimaa
/tarjoukset/tiputus,/paasiainen
/tilbud,/tilbud
/restplass,/restplass
/tilbud/flybilletter,/flybilletter
/tilbud/reise-alene,/reise-alene
/tilbud/barnerabatt,/barnerabatt
/tilbud/reise-alene-med-barn,/reise-alene-med-barn
/reise,/reise
/reise/ferie-sommer,/ferie-sommer
/reise/ferie-vinter,/ferie-vinter
/reise/ferie-med-barn,/ferie-med-barn
/reise/ferie-uten-barn,/ferie-uten-barn
/reise/hostferie,/hostferie
/reise/juleferie,/juleferie
/reise/vinterferie,/vinterferie
/reise/paskeferie,/paskeferie
/reise/cruise,/cruise
/restplasser,/tilbud
/restplasser/reisetilbud/restplass,/restplass
/restplasser/reisetilbud/Billige/Flybilletter/fly-tur-retur,/flybilletter
/restplasser/billige-reiser/spesialrabatter/reise-alene,/reise-alene
/reiser/sommer-2014/sommer-barn/barn-fra-198,/barnerabatt
/restplasser/billige-reiser/spesialrabatter/reis-alene-med-barn,/reise-alene-med-barn
/reiser,/reise
/reiser/sommer-2014,/ferie-sommer
/reiser/vinter-2014-2015,/ferie-vinter
/reiser/ferie-med-barn,/ferie-med-barn
/reiser/ferie-uten-barn,/ferie-uten-barn
/reiser/ferie/i/hostferie,/hostferie
/reiser/ferie/i/juleferie,/juleferie
/reiser/ferie/i/vinterferie,/vinterferie
/reiser/ferie/i/paskeferie,/paskeferie
/reiser/cruise,/cruise
/erbjudanden/sista-minuten,/sista-minuten
/erbjudanden/flyg,/flyg
/erbjudanden/dromstrander,/dromstrander
/erbjudanden/kanarieoarna,/kanarieoarna
/erbjudanden/kap-verde,/kap-verde
/erbjudanden/hostfynd,/hostfynd
/erbjudanden/decemberfynd,/decemberfynd
/resor/vinterresor,/vinterresor
/resor/all-inclusive-resor,/all-inclusive-resor
/resor/traningsresor,/traningsresor
/resor/hostlov,/hostlov
/resor/sommarresor,/sommarresor
/resor/hostresor,/hostresor
/resor/resa-med-barn,/resa-med-barn
/resor/resa-utan-barn,/resa-utan-barn
/resor/kryssningar,/kryssningar
/resor/kombinationsresor,/kombinationsresor
/resor/utflykter-och-sightseeing,/utflykter-och-sightseeing
/resor/dykresor,/dykresor
/resor/familjeresor-stora-sallskap,/familjeresor-stora-sallskap
/resor/bilrundresor,/bilrundresor
/resor/golfresor,/golfresor
/resor/gifta-sig-utomlands,/gifta-sig-utomlands
/resor/rundresor-med-tema,/rundresor-med-tema
/lomamatkat/hiihtoloma,/hiihtoloma
/matkatarjoukset/egyptin-lomat-alk-445-e,/egyptin-lomat-alk-445-e
/matkatarjoukset/tammikuun-lomat-alk-425-e,/tammikuun-lomat-alk-425-e
/lomamatkat/ryhmamatkat/,/ryhmamatkat
/lomamatkat/risteilyt/,/risteilyt
/lomamatkat/autoloma,/autoloma
/lomamatkat/Autoilulomat/,/autoloma
/lomamatkat/perhelomat/,/perhelomat
/lomamatkat/kaupunkilomat/,/kaupunkilomat
/sommer,/ferie-sommer
/vinter,/ferie-vinter